{"cameraMode":{"drawMode":0,"name":"Shaded","section":"Shading Mode"},"sceneLighting":false,"audioPlay":false,"sceneViewState":{"m_AlwaysRefresh":false,"showFog":true,"showSkybox":false,"showFlares":true,"showImageEffects":true,"showParticleSystems":true,"showVisualEffectGraphs":true,"m_FxEnabled":true},"in2DMode":false,"pivot":{"x":-0.7100799679756165,"y":0.49947240948677065,"z":0.8635058999061585},"rotation":{"x":-0.17224985361099244,"y":0.5265558362007141,"z":-0.10999655723571778,"w":-0.8253071308135986},"size":0.9861541390419006,"orthographic":false}