{"cameraMode":{"drawMode":0,"name":"Shaded","section":"Shading Mode"},"sceneLighting":false,"audioPlay":false,"sceneViewState":{"m_AlwaysRefresh":false,"showFog":true,"showSkybox":false,"showFlares":true,"showImageEffects":true,"showParticleSystems":true,"showVisualEffectGraphs":true,"m_FxEnabled":true},"in2DMode":false,"pivot":{"x":-0.4083801805973053,"y":-0.17935475707054139,"z":0.5412038564682007},"rotation":{"x":-0.23011411726474763,"y":0.2873709201812744,"z":-0.07133326679468155,"w":-0.9270302653312683},"size":0.9603594541549683,"orthographic":false}